Sparklcat,7
~Atlas,4
Michebelle,7
TheCenturion501,7
miaowww,7
Jack-L,2
-therealmort-,2
SleepingxAwake,2
Cöcö,5
DΣƧΉY,2
BoomBewm1899,1
Caspiiii,2
HankCoca,7
LeCrabo,2
~Øbľïvïxůş~,6
Smoker101,2
Dr_Obvious,5
MisterOrange,2
KingAce2k,5
ɹǝɥdosoןdıɹʇ,2
ilykrona,2
Flameridernova,6
pickleyourmom3,4
-୨x˖ᴇɢɢʏ˖x୧-,7
DarkehPuff,7
Grimm387,7
hammystar293,7
HighBean,7
ImJacien,7
ImpishBish,7
JingVR,7
JojoHMD,7
Kurumi Is Gone,7
Lil_Devil_Luce,7
Shadomination,7
Ourz,7
Sonic342,7
Yrden,7
ʘNovaOnVRChatʘ,7
JanessaLwood,6
lewizardofweed,2
Latinahoney2015 8918,7
˙˖ ˚ღLυɳαღ˙˖ ˚˖,2
SpasticFntastic,2
litabunny22,3
Śnowý,3
Itz Sassi,2
elisengnome,2
ღ MsMimi ღ,2
IDrinkHot1٪Milk,2
VictorGale2040,2
Bushwookie22,7
Jimbo_․,3
~PoisonAngel~,5
Careless_wolfy,4
SpicyNewt,7
Aeronwen,2
DriscolCassidy,2
SXIGHTZ,2
HҽʅʅGoddessLia,6
Momafishafoo,1
BadNicc,2
